filename,label
cat.0.jpg,cat
cat.1001.jpg,cat
cat.10011.jpg,cat
cat.10015.jpg,cat
cat.10024.jpg,cat
cat.10049.jpg,cat
cat.10055.jpg,cat
cat.10069.jpg,cat
cat.10072.jpg,cat
cat.10076.jpg,cat
cat.10087.jpg,cat
cat.10162.jpg,cat
cat.10164.jpg,cat
cat.10188.jpg,cat
cat.10191.jpg,cat
cat.10195.jpg,cat
cat.102.jpg,cat
cat.10221.jpg,cat
cat.10234.jpg,cat
cat.10236.jpg,cat
cat.10245.jpg,cat
cat.10253.jpg,cat
cat.10255.jpg,cat
cat.10261.jpg,cat
cat.10272.jpg,cat
cat.10290.jpg,cat
cat.10299.jpg,cat
cat.10301.jpg,cat
cat.1032.jpg,cat
cat.10324.jpg,cat
cat.10339.jpg,cat
cat.10363.jpg,cat
cat.10364.jpg,cat
cat.10369.jpg,cat
cat.10415.jpg,cat
cat.10424.jpg,cat
cat.10430.jpg,cat
cat.10436.jpg,cat
cat.10449.jpg,cat
cat.10450.jpg,cat
cat.10462.jpg,cat
cat.10472.jpg,cat
cat.10502.jpg,cat
cat.10506.jpg,cat
cat.10543.jpg,cat
cat.10545.jpg,cat
cat.10554.jpg,cat
cat.1056.jpg,cat
cat.10567.jpg,cat
cat.10575.jpg,cat
cat.10606.jpg,cat
cat.1063.jpg,cat
cat.10641.jpg,cat
cat.10642.jpg,cat
cat.10658.jpg,cat
cat.10662.jpg,cat
cat.1070.jpg,cat
cat.10704.jpg,cat
cat.10713.jpg,cat
cat.1073.jpg,cat
cat.10735.jpg,cat
cat.10736.jpg,cat
cat.1074.jpg,cat
cat.10745.jpg,cat
cat.10773.jpg,cat
cat.10787.jpg,cat
cat.10804.jpg,cat
cat.10808.jpg,cat
cat.10814.jpg,cat
cat.10823.jpg,cat
cat.10832.jpg,cat
cat.10841.jpg,cat
cat.10844.jpg,cat
cat.10848.jpg,cat
cat.10855.jpg,cat
cat.10856.jpg,cat
cat.10869.jpg,cat
cat.10877.jpg,cat
cat.10888.jpg,cat
cat.10898.jpg,cat
cat.10912.jpg,cat
cat.10913.jpg,cat
cat.10917.jpg,cat
cat.10921.jpg,cat
cat.10927.jpg,cat
cat.10954.jpg,cat
cat.10988.jpg,cat
cat.10989.jpg,cat
cat.10995.jpg,cat
cat.11019.jpg,cat
cat.11022.jpg,cat
cat.11030.jpg,cat
cat.11053.jpg,cat
cat.11065.jpg,cat
cat.11069.jpg,cat
cat.11141.jpg,cat
cat.11142.jpg,cat
cat.11146.jpg,cat
cat.11155.jpg,cat
cat.11161.jpg,cat
cat.1117.jpg,cat
cat.11187.jpg,cat
cat.11197.jpg,cat
cat.11198.jpg,cat
cat.11202.jpg,cat
cat.11204.jpg,cat
cat.11218.jpg,cat
cat.11235.jpg,cat
cat.11237.jpg,cat
cat.1124.jpg,cat
cat.11259.jpg,cat
cat.11263.jpg,cat
cat.11273.jpg,cat
cat.11283.jpg,cat
cat.11292.jpg,cat
cat.11294.jpg,cat
cat.1131.jpg,cat
cat.11313.jpg,cat
cat.1134.jpg,cat
cat.11382.jpg,cat
cat.11387.jpg,cat
cat.11388.jpg,cat
cat.11391.jpg,cat
cat.11393.jpg,cat
cat.11406.jpg,cat
cat.11414.jpg,cat
cat.11427.jpg,cat
cat.11437.jpg,cat
cat.11447.jpg,cat
cat.11465.jpg,cat
cat.11466.jpg,cat
cat.11471.jpg,cat
cat.11481.jpg,cat
cat.1150.jpg,cat
cat.11500.jpg,cat
cat.11509.jpg,cat
cat.11538.jpg,cat
cat.11543.jpg,cat
cat.11552.jpg,cat
cat.11593.jpg,cat
cat.11598.jpg,cat
cat.11618.jpg,cat
cat.11656.jpg,cat
cat.11667.jpg,cat
cat.11669.jpg,cat
cat.11683.jpg,cat
cat.11694.jpg,cat
cat.11695.jpg,cat
cat.11701.jpg,cat
cat.11706.jpg,cat
cat.1171.jpg,cat
cat.11719.jpg,cat
cat.1174.jpg,cat
cat.11745.jpg,cat
cat.11758.jpg,cat
cat.11767.jpg,cat
cat.11775.jpg,cat
cat.1178.jpg,cat
cat.11787.jpg,cat
cat.11791.jpg,cat
cat.11793.jpg,cat
cat.11810.jpg,cat
cat.11815.jpg,cat
cat.11835.jpg,cat
cat.11840.jpg,cat
cat.11851.jpg,cat
cat.11862.jpg,cat
cat.11878.jpg,cat
cat.11885.jpg,cat
cat.1190.jpg,cat
cat.11902.jpg,cat
cat.11923.jpg,cat
cat.11935.jpg,cat
cat.11941.jpg,cat
cat.11944.jpg,cat
cat.11959.jpg,cat
cat.1199.jpg,cat
cat.12018.jpg,cat
cat.12022.jpg,cat
cat.12038.jpg,cat
cat.12047.jpg,cat
cat.12056.jpg,cat
cat.12058.jpg,cat
cat.12059.jpg,cat
cat.12071.jpg,cat
cat.12086.jpg,cat
cat.1209.jpg,cat
cat.12096.jpg,cat
cat.12154.jpg,cat
cat.1217.jpg,cat
cat.12171.jpg,cat
cat.12173.jpg,cat
cat.12179.jpg,cat
cat.1220.jpg,cat
cat.12207.jpg,cat
cat.12208.jpg,cat
cat.12209.jpg,cat
cat.12227.jpg,cat
cat.12229.jpg,cat
cat.12238.jpg,cat
cat.12246.jpg,cat
cat.12267.jpg,cat
cat.12279.jpg,cat
cat.12281.jpg,cat
cat.12286.jpg,cat
cat.12290.jpg,cat
cat.12293.jpg,cat
cat.12294.jpg,cat
cat.1230.jpg,cat
cat.12300.jpg,cat
cat.12304.jpg,cat
cat.1232.jpg,cat
cat.12328.jpg,cat
cat.12332.jpg,cat
cat.12340.jpg,cat
cat.12357.jpg,cat
cat.1238.jpg,cat
cat.12386.jpg,cat
cat.12392.jpg,cat
cat.12396.jpg,cat
cat.12416.jpg,cat
cat.12417.jpg,cat
cat.12429.jpg,cat
cat.12434.jpg,cat
cat.12439.jpg,cat
cat.12449.jpg,cat
cat.12456.jpg,cat
cat.12461.jpg,cat
cat.12493.jpg,cat
cat.12497.jpg,cat
cat.1295.jpg,cat
cat.1303.jpg,cat
cat.1305.jpg,cat
cat.132.jpg,cat
cat.1331.jpg,cat
cat.1363.jpg,cat
cat.1381.jpg,cat
cat.1386.jpg,cat
cat.1387.jpg,cat
cat.1388.jpg,cat
cat.1399.jpg,cat
cat.1403.jpg,cat
cat.145.jpg,cat
cat.1464.jpg,cat
cat.1473.jpg,cat
cat.1505.jpg,cat
cat.1517.jpg,cat
cat.1520.jpg,cat
cat.1525.jpg,cat
cat.1529.jpg,cat
cat.1530.jpg,cat
cat.1546.jpg,cat
cat.1557.jpg,cat
cat.1564.jpg,cat
cat.1579.jpg,cat
cat.1586.jpg,cat
cat.1594.jpg,cat
cat.1616.jpg,cat
cat.1620.jpg,cat
cat.1655.jpg,cat
cat.1664.jpg,cat
cat.1677.jpg,cat
cat.1688.jpg,cat
cat.169.jpg,cat
cat.1707.jpg,cat
cat.1711.jpg,cat
cat.1725.jpg,cat
cat.1732.jpg,cat
cat.1740.jpg,cat
cat.1753.jpg,cat
cat.1775.jpg,cat
cat.178.jpg,cat
cat.1781.jpg,cat
cat.1810.jpg,cat
cat.1821.jpg,cat
cat.1834.jpg,cat
cat.1861.jpg,cat
cat.1869.jpg,cat
cat.1871.jpg,cat
cat.188.jpg,cat
cat.1890.jpg,cat
cat.1935.jpg,cat
cat.1939.jpg,cat
cat.1941.jpg,cat
cat.1943.jpg,cat
cat.1955.jpg,cat
cat.1967.jpg,cat
cat.198.jpg,cat
cat.1992.jpg,cat
cat.2001.jpg,cat
cat.2017.jpg,cat
cat.2039.jpg,cat
cat.2064.jpg,cat
cat.2070.jpg,cat
cat.2080.jpg,cat
cat.2088.jpg,cat
cat.2090.jpg,cat
cat.2103.jpg,cat
cat.2109.jpg,cat
cat.2119.jpg,cat
cat.2124.jpg,cat
cat.2140.jpg,cat
cat.2141.jpg,cat
cat.2156.jpg,cat
cat.2161.jpg,cat
cat.2186.jpg,cat
cat.2188.jpg,cat
cat.2217.jpg,cat
cat.2256.jpg,cat
cat.2276.jpg,cat
cat.2283.jpg,cat
cat.2284.jpg,cat
cat.2295.jpg,cat
cat.2297.jpg,cat
cat.2303.jpg,cat
cat.2321.jpg,cat
cat.2334.jpg,cat
cat.2350.jpg,cat
cat.2352.jpg,cat
cat.2387.jpg,cat
cat.2389.jpg,cat
cat.2407.jpg,cat
cat.2417.jpg,cat
cat.2446.jpg,cat
cat.2460.jpg,cat
cat.2462.jpg,cat
cat.2472.jpg,cat
cat.2476.jpg,cat
cat.2495.jpg,cat
cat.2508.jpg,cat
cat.2566.jpg,cat
cat.2571.jpg,cat
cat.2572.jpg,cat
cat.26.jpg,cat
cat.2606.jpg,cat
cat.2623.jpg,cat
cat.2626.jpg,cat
cat.2630.jpg,cat
cat.2637.jpg,cat
cat.264.jpg,cat
cat.2670.jpg,cat
cat.2683.jpg,cat
cat.2697.jpg,cat
cat.270.jpg,cat
cat.2712.jpg,cat
cat.2717.jpg,cat
cat.2765.jpg,cat
cat.277.jpg,cat
cat.2788.jpg,cat
cat.2795.jpg,cat
cat.28.jpg,cat
cat.2801.jpg,cat
cat.2806.jpg,cat
cat.2808.jpg,cat
cat.2809.jpg,cat
cat.2810.jpg,cat
cat.2818.jpg,cat
cat.2835.jpg,cat
cat.2886.jpg,cat
cat.2895.jpg,cat
cat.2919.jpg,cat
cat.2928.jpg,cat
cat.2930.jpg,cat
cat.2933.jpg,cat
cat.2948.jpg,cat
cat.2952.jpg,cat
cat.297.jpg,cat
cat.2970.jpg,cat
cat.2979.jpg,cat
cat.2983.jpg,cat
cat.2985.jpg,cat
cat.2991.jpg,cat
cat.3005.jpg,cat
cat.3007.jpg,cat
cat.3030.jpg,cat
cat.304.jpg,cat
cat.3042.jpg,cat
cat.3059.jpg,cat
cat.3062.jpg,cat
cat.3074.jpg,cat
cat.3100.jpg,cat
cat.3116.jpg,cat
cat.3126.jpg,cat
cat.3171.jpg,cat
cat.3174.jpg,cat
cat.3191.jpg,cat
cat.3193.jpg,cat
cat.3204.jpg,cat
cat.3205.jpg,cat
cat.3222.jpg,cat
cat.3260.jpg,cat
cat.3265.jpg,cat
cat.3266.jpg,cat
cat.3278.jpg,cat
cat.3281.jpg,cat
cat.3293.jpg,cat
cat.3306.jpg,cat
cat.332.jpg,cat
cat.3332.jpg,cat
cat.3333.jpg,cat
cat.3336.jpg,cat
cat.3342.jpg,cat
cat.3432.jpg,cat
cat.3438.jpg,cat
cat.3439.jpg,cat
cat.3453.jpg,cat
cat.3464.jpg,cat
cat.3505.jpg,cat
cat.3542.jpg,cat
cat.3548.jpg,cat
cat.356.jpg,cat
cat.3568.jpg,cat
cat.3576.jpg,cat
cat.3577.jpg,cat
cat.3581.jpg,cat
cat.3584.jpg,cat
cat.3586.jpg,cat
cat.3599.jpg,cat
cat.3601.jpg,cat
cat.361.jpg,cat
cat.3617.jpg,cat
cat.3622.jpg,cat
cat.3633.jpg,cat
cat.3644.jpg,cat
cat.3645.jpg,cat
cat.365.jpg,cat
cat.3651.jpg,cat
cat.3652.jpg,cat
cat.3657.jpg,cat
cat.366.jpg,cat
cat.3672.jpg,cat
cat.3704.jpg,cat
cat.3725.jpg,cat
cat.3726.jpg,cat
cat.3739.jpg,cat
cat.375.jpg,cat
cat.3750.jpg,cat
cat.3751.jpg,cat
cat.3755.jpg,cat
cat.3765.jpg,cat
cat.3768.jpg,cat
cat.3779.jpg,cat
cat.3787.jpg,cat
cat.3804.jpg,cat
cat.3819.jpg,cat
cat.3827.jpg,cat
cat.3831.jpg,cat
cat.3845.jpg,cat
cat.3862.jpg,cat
cat.3876.jpg,cat
cat.3880.jpg,cat
cat.3919.jpg,cat
cat.3920.jpg,cat
cat.394.jpg,cat
cat.3958.jpg,cat
cat.4001.jpg,cat
cat.4002.jpg,cat
cat.4019.jpg,cat
cat.402.jpg,cat
cat.4025.jpg,cat
cat.405.jpg,cat
cat.4060.jpg,cat
cat.4066.jpg,cat
cat.4072.jpg,cat
cat.4077.jpg,cat
cat.4083.jpg,cat
cat.4085.jpg,cat
cat.409.jpg,cat
cat.4094.jpg,cat
cat.4095.jpg,cat
cat.4097.jpg,cat
cat.4121.jpg,cat
cat.4122.jpg,cat
cat.4130.jpg,cat
cat.4136.jpg,cat
cat.4143.jpg,cat
cat.4145.jpg,cat
cat.4146.jpg,cat
cat.4177.jpg,cat
cat.418.jpg,cat
cat.4182.jpg,cat
cat.4191.jpg,cat
cat.4192.jpg,cat
cat.4198.jpg,cat
cat.4253.jpg,cat
cat.4258.jpg,cat
cat.4266.jpg,cat
cat.427.jpg,cat
cat.4276.jpg,cat
cat.4296.jpg,cat
cat.4305.jpg,cat
cat.4316.jpg,cat
cat.4331.jpg,cat
cat.4334.jpg,cat
cat.4337.jpg,cat
cat.4339.jpg,cat
cat.435.jpg,cat
cat.4364.jpg,cat
cat.4365.jpg,cat
cat.4377.jpg,cat
cat.4382.jpg,cat
cat.4401.jpg,cat
cat.4427.jpg,cat
cat.4447.jpg,cat
cat.447.jpg,cat
cat.4477.jpg,cat
cat.4478.jpg,cat
cat.4496.jpg,cat
cat.4501.jpg,cat
cat.4502.jpg,cat
cat.4523.jpg,cat
cat.4525.jpg,cat
cat.4532.jpg,cat
cat.4550.jpg,cat
cat.4557.jpg,cat
cat.4566.jpg,cat
cat.460.jpg,cat
cat.461.jpg,cat
cat.4610.jpg,cat
cat.4620.jpg,cat
cat.4651.jpg,cat
cat.4658.jpg,cat
cat.4662.jpg,cat
cat.4665.jpg,cat
cat.4676.jpg,cat
cat.4705.jpg,cat
cat.4759.jpg,cat
cat.477.jpg,cat
cat.4775.jpg,cat
cat.4785.jpg,cat
cat.4810.jpg,cat
cat.4816.jpg,cat
cat.482.jpg,cat
cat.4825.jpg,cat
cat.4826.jpg,cat
cat.4829.jpg,cat
cat.4837.jpg,cat
cat.4843.jpg,cat
cat.4844.jpg,cat
cat.4859.jpg,cat
cat.4865.jpg,cat
cat.4920.jpg,cat
cat.4933.jpg,cat
cat.4957.jpg,cat
cat.496.jpg,cat
cat.4994.jpg,cat
cat.4997.jpg,cat
cat.50.jpg,cat
cat.5000.jpg,cat
cat.5006.jpg,cat
cat.503.jpg,cat
cat.5030.jpg,cat
cat.5038.jpg,cat
cat.5039.jpg,cat
cat.5044.jpg,cat
cat.505.jpg,cat
cat.5058.jpg,cat
cat.5059.jpg,cat
cat.5069.jpg,cat
cat.5070.jpg,cat
cat.5079.jpg,cat
cat.5098.jpg,cat
cat.510.jpg,cat
cat.5127.jpg,cat
cat.5134.jpg,cat
cat.5146.jpg,cat
cat.5147.jpg,cat
cat.5148.jpg,cat
cat.5162.jpg,cat
cat.5206.jpg,cat
cat.521.jpg,cat
cat.5225.jpg,cat
cat.5234.jpg,cat
cat.5255.jpg,cat
cat.5256.jpg,cat
cat.526.jpg,cat
cat.5260.jpg,cat
cat.5267.jpg,cat
cat.5278.jpg,cat
cat.5304.jpg,cat
cat.531.jpg,cat
cat.5330.jpg,cat
cat.5335.jpg,cat
cat.5352.jpg,cat
cat.5357.jpg,cat
cat.536.jpg,cat
cat.5363.jpg,cat
cat.5368.jpg,cat
cat.5371.jpg,cat
cat.5373.jpg,cat
cat.5389.jpg,cat
cat.5390.jpg,cat
cat.5419.jpg,cat
cat.542.jpg,cat
cat.5420.jpg,cat
cat.544.jpg,cat
cat.5446.jpg,cat
cat.5451.jpg,cat
cat.5453.jpg,cat
cat.5459.jpg,cat
cat.5475.jpg,cat
cat.5501.jpg,cat
cat.5530.jpg,cat
cat.5553.jpg,cat
cat.5573.jpg,cat
cat.5576.jpg,cat
cat.5577.jpg,cat
cat.558.jpg,cat
cat.5592.jpg,cat
cat.56.jpg,cat
cat.560.jpg,cat
cat.5601.jpg,cat
cat.5639.jpg,cat
cat.5679.jpg,cat
cat.5682.jpg,cat
cat.5712.jpg,cat
cat.5717.jpg,cat
cat.5718.jpg,cat
cat.575.jpg,cat
cat.5757.jpg,cat
cat.5760.jpg,cat
cat.5777.jpg,cat
cat.5782.jpg,cat
cat.5787.jpg,cat
cat.5793.jpg,cat
cat.5822.jpg,cat
cat.5838.jpg,cat
cat.5852.jpg,cat
cat.5859.jpg,cat
cat.5866.jpg,cat
cat.5869.jpg,cat
cat.5873.jpg,cat
cat.5884.jpg,cat
cat.589.jpg,cat
cat.5890.jpg,cat
cat.5893.jpg,cat
cat.590.jpg,cat
cat.5900.jpg,cat
cat.5903.jpg,cat
cat.596.jpg,cat
cat.5961.jpg,cat
cat.5964.jpg,cat
cat.5969.jpg,cat
cat.597.jpg,cat
cat.5970.jpg,cat
cat.5972.jpg,cat
cat.5980.jpg,cat
cat.5988.jpg,cat
cat.5989.jpg,cat
cat.5990.jpg,cat
cat.6.jpg,cat
cat.6013.jpg,cat
cat.6057.jpg,cat
cat.6058.jpg,cat
cat.6063.jpg,cat
cat.6068.jpg,cat
cat.6094.jpg,cat
cat.6096.jpg,cat
cat.6101.jpg,cat
cat.6124.jpg,cat
cat.6134.jpg,cat
cat.6173.jpg,cat
cat.6178.jpg,cat
cat.6180.jpg,cat
cat.6187.jpg,cat
cat.6188.jpg,cat
cat.6190.jpg,cat
cat.6206.jpg,cat
cat.622.jpg,cat
cat.6220.jpg,cat
cat.6256.jpg,cat
cat.6258.jpg,cat
cat.628.jpg,cat
cat.6282.jpg,cat
cat.6298.jpg,cat
cat.6306.jpg,cat
cat.632.jpg,cat
cat.6330.jpg,cat
cat.6357.jpg,cat
cat.6372.jpg,cat
cat.6374.jpg,cat
cat.6388.jpg,cat
cat.639.jpg,cat
cat.6405.jpg,cat
cat.6413.jpg,cat
cat.6433.jpg,cat
cat.6438.jpg,cat
cat.644.jpg,cat
cat.6442.jpg,cat
cat.6444.jpg,cat
cat.6479.jpg,cat
cat.6485.jpg,cat
cat.6488.jpg,cat
cat.6497.jpg,cat
cat.6501.jpg,cat
cat.6510.jpg,cat
cat.6542.jpg,cat
cat.6562.jpg,cat
cat.6576.jpg,cat
cat.6581.jpg,cat
cat.6582.jpg,cat
cat.6586.jpg,cat
cat.6589.jpg,cat
cat.6595.jpg,cat
cat.6606.jpg,cat
cat.6611.jpg,cat
cat.6626.jpg,cat
cat.6628.jpg,cat
cat.6638.jpg,cat
cat.6665.jpg,cat
cat.667.jpg,cat
cat.6694.jpg,cat
cat.6722.jpg,cat
cat.6729.jpg,cat
cat.6738.jpg,cat
cat.6746.jpg,cat
cat.6752.jpg,cat
cat.6753.jpg,cat
cat.6765.jpg,cat
cat.6775.jpg,cat
cat.6785.jpg,cat
cat.6786.jpg,cat
cat.6790.jpg,cat
cat.6812.jpg,cat
cat.6813.jpg,cat
cat.6861.jpg,cat
cat.6865.jpg,cat
cat.6875.jpg,cat
cat.6887.jpg,cat
cat.6894.jpg,cat
cat.69.jpg,cat
cat.6928.jpg,cat
cat.6942.jpg,cat
cat.6944.jpg,cat
cat.6948.jpg,cat
cat.6973.jpg,cat
cat.6989.jpg,cat
cat.6994.jpg,cat
cat.700.jpg,cat
cat.7016.jpg,cat
cat.7044.jpg,cat
cat.7076.jpg,cat
cat.7078.jpg,cat
cat.7085.jpg,cat
cat.7086.jpg,cat
cat.7092.jpg,cat
cat.7094.jpg,cat
cat.7120.jpg,cat
cat.7124.jpg,cat
cat.715.jpg,cat
cat.716.jpg,cat
cat.7163.jpg,cat
cat.7165.jpg,cat
cat.7173.jpg,cat
cat.7178.jpg,cat
cat.7186.jpg,cat
cat.7191.jpg,cat
cat.7194.jpg,cat
cat.7195.jpg,cat
cat.7198.jpg,cat
cat.7205.jpg,cat
cat.7213.jpg,cat
cat.7216.jpg,cat
cat.7220.jpg,cat
cat.7231.jpg,cat
cat.7298.jpg,cat
cat.7300.jpg,cat
cat.7308.jpg,cat
cat.7309.jpg,cat
cat.7310.jpg,cat
cat.734.jpg,cat
cat.7351.jpg,cat
cat.7363.jpg,cat
cat.7364.jpg,cat
cat.7367.jpg,cat
cat.7395.jpg,cat
cat.7405.jpg,cat
cat.7417.jpg,cat
cat.7420.jpg,cat
cat.7437.jpg,cat
cat.7443.jpg,cat
cat.7447.jpg,cat
cat.7449.jpg,cat
cat.745.jpg,cat
cat.747.jpg,cat
cat.7471.jpg,cat
cat.7485.jpg,cat
cat.7505.jpg,cat
cat.7506.jpg,cat
cat.7507.jpg,cat
cat.7517.jpg,cat
cat.7555.jpg,cat
cat.7592.jpg,cat
cat.7594.jpg,cat
cat.7602.jpg,cat
cat.7613.jpg,cat
cat.7618.jpg,cat
cat.7677.jpg,cat
cat.769.jpg,cat
cat.7696.jpg,cat
cat.7708.jpg,cat
cat.7709.jpg,cat
cat.7715.jpg,cat
cat.7719.jpg,cat
cat.773.jpg,cat
cat.7734.jpg,cat
cat.7741.jpg,cat
cat.775.jpg,cat
cat.7756.jpg,cat
cat.7760.jpg,cat
cat.7762.jpg,cat
cat.7778.jpg,cat
cat.7780.jpg,cat
cat.7788.jpg,cat
cat.7820.jpg,cat
cat.7827.jpg,cat
cat.7835.jpg,cat
cat.7838.jpg,cat
cat.7868.jpg,cat
cat.7877.jpg,cat
cat.7880.jpg,cat
cat.7894.jpg,cat
cat.7899.jpg,cat
cat.7904.jpg,cat
cat.7905.jpg,cat
cat.7918.jpg,cat
cat.7920.jpg,cat
cat.793.jpg,cat
cat.7964.jpg,cat
cat.7969.jpg,cat
cat.797.jpg,cat
cat.8007.jpg,cat
cat.8018.jpg,cat
cat.8052.jpg,cat
cat.8061.jpg,cat
cat.8062.jpg,cat
cat.8068.jpg,cat
cat.8073.jpg,cat
cat.8093.jpg,cat
cat.8098.jpg,cat
cat.8106.jpg,cat
cat.8116.jpg,cat
cat.8119.jpg,cat
cat.8132.jpg,cat
cat.8140.jpg,cat
cat.8155.jpg,cat
cat.8157.jpg,cat
cat.8164.jpg,cat
cat.8169.jpg,cat
cat.8170.jpg,cat
cat.8171.jpg,cat
cat.8183.jpg,cat
cat.8207.jpg,cat
cat.8209.jpg,cat
cat.8214.jpg,cat
cat.8215.jpg,cat
cat.8217.jpg,cat
cat.8220.jpg,cat
cat.8234.jpg,cat
cat.8238.jpg,cat
cat.8240.jpg,cat
cat.8254.jpg,cat
cat.8261.jpg,cat
cat.8269.jpg,cat
cat.8272.jpg,cat
cat.8277.jpg,cat
cat.8283.jpg,cat
cat.8298.jpg,cat
cat.8308.jpg,cat
cat.8312.jpg,cat
cat.8336.jpg,cat
cat.835.jpg,cat
cat.8370.jpg,cat
cat.8375.jpg,cat
cat.8380.jpg,cat
cat.8394.jpg,cat
cat.8404.jpg,cat
cat.8416.jpg,cat
cat.8418.jpg,cat
cat.8424.jpg,cat
cat.8436.jpg,cat
cat.8439.jpg,cat
cat.8448.jpg,cat
cat.8483.jpg,cat
cat.8497.jpg,cat
cat.8508.jpg,cat
cat.851.jpg,cat
cat.8521.jpg,cat
cat.853.jpg,cat
cat.8540.jpg,cat
cat.8552.jpg,cat
cat.8595.jpg,cat
cat.8596.jpg,cat
cat.8605.jpg,cat
cat.8612.jpg,cat
cat.8622.jpg,cat
cat.8635.jpg,cat
cat.864.jpg,cat
cat.865.jpg,cat
cat.8655.jpg,cat
cat.8678.jpg,cat
cat.8686.jpg,cat
cat.8693.jpg,cat
cat.8714.jpg,cat
cat.8717.jpg,cat
cat.8720.jpg,cat
cat.8729.jpg,cat
cat.8754.jpg,cat
cat.8782.jpg,cat
cat.8832.jpg,cat
cat.8841.jpg,cat
cat.8870.jpg,cat
cat.8872.jpg,cat
cat.8876.jpg,cat
cat.8881.jpg,cat
cat.8888.jpg,cat
cat.8897.jpg,cat
cat.8924.jpg,cat
cat.893.jpg,cat
cat.8942.jpg,cat
cat.8943.jpg,cat
cat.8949.jpg,cat
cat.8957.jpg,cat
cat.8991.jpg,cat
cat.9024.jpg,cat
cat.9051.jpg,cat
cat.9067.jpg,cat
cat.9082.jpg,cat
cat.9095.jpg,cat
cat.9108.jpg,cat
cat.913.jpg,cat
cat.9186.jpg,cat
cat.9188.jpg,cat
cat.9197.jpg,cat
cat.9201.jpg,cat
cat.9203.jpg,cat
cat.9210.jpg,cat
cat.922.jpg,cat
cat.9233.jpg,cat
cat.9240.jpg,cat
cat.9277.jpg,cat
cat.9299.jpg,cat
cat.9304.jpg,cat
cat.9305.jpg,cat
cat.9312.jpg,cat
cat.9318.jpg,cat
cat.9326.jpg,cat
cat.9366.jpg,cat
cat.9368.jpg,cat
cat.937.jpg,cat
cat.9372.jpg,cat
cat.9380.jpg,cat
cat.9384.jpg,cat
cat.9393.jpg,cat
cat.9396.jpg,cat
cat.9408.jpg,cat
cat.9415.jpg,cat
cat.942.jpg,cat
cat.9422.jpg,cat
cat.9452.jpg,cat
cat.9454.jpg,cat
cat.9462.jpg,cat
cat.9463.jpg,cat
cat.9474.jpg,cat
cat.9490.jpg,cat
cat.9491.jpg,cat
cat.9505.jpg,cat
cat.9506.jpg,cat
cat.9508.jpg,cat
cat.9514.jpg,cat
cat.9534.jpg,cat
cat.9569.jpg,cat
cat.9585.jpg,cat
cat.960.jpg,cat
cat.9604.jpg,cat
cat.9620.jpg,cat
cat.9630.jpg,cat
cat.9643.jpg,cat
cat.9670.jpg,cat
cat.9682.jpg,cat
cat.9732.jpg,cat
cat.9747.jpg,cat
cat.9788.jpg,cat
cat.9793.jpg,cat
cat.9795.jpg,cat
cat.9800.jpg,cat
cat.9802.jpg,cat
cat.981.jpg,cat
cat.9815.jpg,cat
cat.9817.jpg,cat
cat.9861.jpg,cat
cat.9888.jpg,cat
cat.9895.jpg,cat
cat.9921.jpg,cat
cat.9935.jpg,cat
cat.9945.jpg,cat
cat.9947.jpg,cat
cat.996.jpg,cat
cat.9966.jpg,cat
cat.9985.jpg,cat
dog.10001.jpg,dog
dog.10022.jpg,dog
dog.10024.jpg,dog
dog.10031.jpg,dog
dog.10032.jpg,dog
dog.10033.jpg,dog
dog.10035.jpg,dog
dog.10044.jpg,dog
dog.10048.jpg,dog
dog.10057.jpg,dog
dog.10063.jpg,dog
dog.10068.jpg,dog
dog.1007.jpg,dog
dog.10093.jpg,dog
dog.10103.jpg,dog
dog.10118.jpg,dog
dog.10124.jpg,dog
dog.10134.jpg,dog
dog.10160.jpg,dog
dog.10178.jpg,dog
dog.10183.jpg,dog
dog.10184.jpg,dog
dog.1020.jpg,dog
dog.10200.jpg,dog
dog.1021.jpg,dog
dog.10237.jpg,dog
dog.10279.jpg,dog
dog.1028.jpg,dog
dog.10284.jpg,dog
dog.10302.jpg,dog
dog.10380.jpg,dog
dog.10387.jpg,dog
dog.10397.jpg,dog
dog.10420.jpg,dog
dog.1043.jpg,dog
dog.1044.jpg,dog
dog.10443.jpg,dog
dog.10484.jpg,dog
dog.10497.jpg,dog
dog.1052.jpg,dog
dog.10527.jpg,dog
dog.10532.jpg,dog
dog.10543.jpg,dog
dog.10546.jpg,dog
dog.10549.jpg,dog
dog.10558.jpg,dog
dog.10579.jpg,dog
dog.10589.jpg,dog
dog.10594.jpg,dog
dog.10601.jpg,dog
dog.10614.jpg,dog
dog.10628.jpg,dog
dog.1063.jpg,dog
dog.10639.jpg,dog
dog.10668.jpg,dog
dog.10671.jpg,dog
dog.10673.jpg,dog
dog.10692.jpg,dog
dog.10712.jpg,dog
dog.10735.jpg,dog
dog.10741.jpg,dog
dog.10760.jpg,dog
dog.10807.jpg,dog
dog.10817.jpg,dog
dog.10822.jpg,dog
dog.10859.jpg,dog
dog.10864.jpg,dog
dog.10872.jpg,dog
dog.10877.jpg,dog
dog.10895.jpg,dog
dog.109.jpg,dog
dog.10909.jpg,dog
dog.10934.jpg,dog
dog.10944.jpg,dog
dog.1095.jpg,dog
dog.10952.jpg,dog
dog.10961.jpg,dog
dog.10977.jpg,dog
dog.11003.jpg,dog
dog.11005.jpg,dog
dog.11006.jpg,dog
dog.11026.jpg,dog
dog.11065.jpg,dog
dog.11068.jpg,dog
dog.11075.jpg,dog
dog.11121.jpg,dog
dog.11128.jpg,dog
dog.11130.jpg,dog
dog.11133.jpg,dog
dog.11142.jpg,dog
dog.11180.jpg,dog
dog.11182.jpg,dog
dog.11198.jpg,dog
dog.1120.jpg,dog
dog.11214.jpg,dog
dog.11232.jpg,dog
dog.11277.jpg,dog
dog.11288.jpg,dog
dog.11293.jpg,dog
dog.11300.jpg,dog
dog.11328.jpg,dog
dog.11330.jpg,dog
dog.11332.jpg,dog
dog.11346.jpg,dog
dog.11351.jpg,dog
dog.11353.jpg,dog
dog.11357.jpg,dog
dog.11360.jpg,dog
dog.1138.jpg,dog
dog.11396.jpg,dog
dog.11398.jpg,dog
dog.11434.jpg,dog
dog.11440.jpg,dog
dog.11454.jpg,dog
dog.11458.jpg,dog
dog.11501.jpg,dog
dog.1151.jpg,dog
dog.11515.jpg,dog
dog.11518.jpg,dog
dog.11521.jpg,dog
dog.11523.jpg,dog
dog.11528.jpg,dog
dog.11537.jpg,dog
dog.11540.jpg,dog
dog.11544.jpg,dog
dog.11546.jpg,dog
dog.1157.jpg,dog
dog.11573.jpg,dog
dog.11585.jpg,dog
dog.1159.jpg,dog
dog.11595.jpg,dog
dog.11600.jpg,dog
dog.11604.jpg,dog
dog.11607.jpg,dog
dog.11615.jpg,dog
dog.11640.jpg,dog
dog.11648.jpg,dog
dog.11651.jpg,dog
dog.11659.jpg,dog
dog.11660.jpg,dog
dog.11663.jpg,dog
dog.11677.jpg,dog
dog.11681.jpg,dog
dog.11682.jpg,dog
dog.11689.jpg,dog
dog.11707.jpg,dog
dog.11733.jpg,dog
dog.11736.jpg,dog
dog.11741.jpg,dog
dog.11751.jpg,dog
dog.11783.jpg,dog
dog.11797.jpg,dog
dog.11801.jpg,dog
dog.11815.jpg,dog
dog.1183.jpg,dog
dog.11835.jpg,dog
dog.11836.jpg,dog
dog.11839.jpg,dog
dog.11856.jpg,dog
dog.11869.jpg,dog
dog.1187.jpg,dog
dog.11877.jpg,dog
dog.1188.jpg,dog
dog.11889.jpg,dog
dog.11907.jpg,dog
dog.11911.jpg,dog
dog.11929.jpg,dog
dog.11946.jpg,dog
dog.11989.jpg,dog
dog.12009.jpg,dog
dog.12022.jpg,dog
dog.12026.jpg,dog
dog.12029.jpg,dog
dog.12032.jpg,dog
dog.12043.jpg,dog
dog.12058.jpg,dog
dog.12061.jpg,dog
dog.12062.jpg,dog
dog.12069.jpg,dog
dog.12092.jpg,dog
dog.12096.jpg,dog
dog.12098.jpg,dog
dog.12099.jpg,dog
dog.1210.jpg,dog
dog.12100.jpg,dog
dog.12118.jpg,dog
dog.12123.jpg,dog
dog.12125.jpg,dog
dog.12149.jpg,dog
dog.12157.jpg,dog
dog.1216.jpg,dog
dog.12162.jpg,dog
dog.12186.jpg,dog
dog.1220.jpg,dog
dog.12201.jpg,dog
dog.12215.jpg,dog
dog.1222.jpg,dog
dog.12228.jpg,dog
dog.12232.jpg,dog
dog.12243.jpg,dog
dog.12249.jpg,dog
dog.1226.jpg,dog
dog.12260.jpg,dog
dog.1227.jpg,dog
dog.12272.jpg,dog
dog.123.jpg,dog
dog.12304.jpg,dog
dog.12359.jpg,dog
dog.12362.jpg,dog
dog.12372.jpg,dog
dog.12382.jpg,dog
dog.12390.jpg,dog
dog.12401.jpg,dog
dog.12406.jpg,dog
dog.12409.jpg,dog
dog.12410.jpg,dog
dog.12411.jpg,dog
dog.12413.jpg,dog
dog.12431.jpg,dog
dog.12452.jpg,dog
dog.12467.jpg,dog
dog.12481.jpg,dog
dog.12482.jpg,dog
dog.1269.jpg,dog
dog.1276.jpg,dog
dog.1309.jpg,dog
dog.1316.jpg,dog
dog.1319.jpg,dog
dog.1320.jpg,dog
dog.1322.jpg,dog
dog.1329.jpg,dog
dog.1332.jpg,dog
dog.134.jpg,dog
dog.136.jpg,dog
dog.1364.jpg,dog
dog.1368.jpg,dog
dog.1382.jpg,dog
dog.1384.jpg,dog
dog.1386.jpg,dog
dog.1395.jpg,dog
dog.1397.jpg,dog
dog.1409.jpg,dog
dog.1415.jpg,dog
dog.1432.jpg,dog
dog.148.jpg,dog
dog.1495.jpg,dog
dog.1515.jpg,dog
dog.1530.jpg,dog
dog.1540.jpg,dog
dog.158.jpg,dog
dog.161.jpg,dog
dog.1623.jpg,dog
dog.1627.jpg,dog
dog.1629.jpg,dog
dog.1632.jpg,dog
dog.1633.jpg,dog
dog.1639.jpg,dog
dog.164.jpg,dog
dog.1646.jpg,dog
dog.1653.jpg,dog
dog.1676.jpg,dog
dog.1678.jpg,dog
dog.1683.jpg,dog
dog.1695.jpg,dog
dog.1696.jpg,dog
dog.1755.jpg,dog
dog.1761.jpg,dog
dog.1769.jpg,dog
dog.178.jpg,dog
dog.1808.jpg,dog
dog.1832.jpg,dog
dog.1849.jpg,dog
dog.185.jpg,dog
dog.1852.jpg,dog
dog.1885.jpg,dog
dog.1891.jpg,dog
dog.1896.jpg,dog
dog.1900.jpg,dog
dog.1931.jpg,dog
dog.1938.jpg,dog
dog.1957.jpg,dog
dog.1960.jpg,dog
dog.1961.jpg,dog
dog.1974.jpg,dog
dog.1992.jpg,dog
dog.2003.jpg,dog
dog.2007.jpg,dog
dog.202.jpg,dog
dog.2022.jpg,dog
dog.204.jpg,dog
dog.2043.jpg,dog
dog.2049.jpg,dog
dog.2055.jpg,dog
dog.206.jpg,dog
dog.2089.jpg,dog
dog.2094.jpg,dog
dog.2095.jpg,dog
dog.21.jpg,dog
dog.2106.jpg,dog
dog.2108.jpg,dog
dog.2114.jpg,dog
dog.2117.jpg,dog
dog.2129.jpg,dog
dog.2132.jpg,dog
dog.2141.jpg,dog
dog.2151.jpg,dog
dog.2155.jpg,dog
dog.2165.jpg,dog
dog.2166.jpg,dog
dog.2175.jpg,dog
dog.2181.jpg,dog
dog.2184.jpg,dog
dog.2192.jpg,dog
dog.2196.jpg,dog
dog.2205.jpg,dog
dog.2209.jpg,dog
dog.2210.jpg,dog
dog.2218.jpg,dog
dog.2261.jpg,dog
dog.2264.jpg,dog
dog.2271.jpg,dog
dog.2330.jpg,dog
dog.2355.jpg,dog
dog.2370.jpg,dog
dog.2382.jpg,dog
dog.2419.jpg,dog
dog.2430.jpg,dog
dog.2434.jpg,dog
dog.2445.jpg,dog
dog.245.jpg,dog
dog.2455.jpg,dog
dog.2466.jpg,dog
dog.247.jpg,dog
dog.2493.jpg,dog
dog.2499.jpg,dog
dog.2552.jpg,dog
dog.2563.jpg,dog
dog.2564.jpg,dog
dog.2576.jpg,dog
dog.259.jpg,dog
dog.2599.jpg,dog
dog.2608.jpg,dog
dog.2618.jpg,dog
dog.2628.jpg,dog
dog.2637.jpg,dog
dog.2638.jpg,dog
dog.2641.jpg,dog
dog.2652.jpg,dog
dog.2668.jpg,dog
dog.267.jpg,dog
dog.2677.jpg,dog
dog.268.jpg,dog
dog.2694.jpg,dog
dog.2697.jpg,dog
dog.2715.jpg,dog
dog.2721.jpg,dog
dog.2722.jpg,dog
dog.2723.jpg,dog
dog.2727.jpg,dog
dog.2732.jpg,dog
dog.2745.jpg,dog
dog.2750.jpg,dog
dog.276.jpg,dog
dog.2764.jpg,dog
dog.2768.jpg,dog
dog.2771.jpg,dog
dog.2797.jpg,dog
dog.2798.jpg,dog
dog.2805.jpg,dog
dog.2826.jpg,dog
dog.2835.jpg,dog
dog.2851.jpg,dog
dog.2855.jpg,dog
dog.2864.jpg,dog
dog.289.jpg,dog
dog.2904.jpg,dog
dog.2907.jpg,dog
dog.291.jpg,dog
dog.2935.jpg,dog
dog.2943.jpg,dog
dog.2958.jpg,dog
dog.2960.jpg,dog
dog.2964.jpg,dog
dog.3000.jpg,dog
dog.3008.jpg,dog
dog.3047.jpg,dog
dog.306.jpg,dog
dog.3062.jpg,dog
dog.3157.jpg,dog
dog.3164.jpg,dog
dog.3194.jpg,dog
dog.3226.jpg,dog
dog.326.jpg,dog
dog.3272.jpg,dog
dog.328.jpg,dog
dog.329.jpg,dog
dog.3296.jpg,dog
dog.3299.jpg,dog
dog.3311.jpg,dog
dog.3324.jpg,dog
dog.3328.jpg,dog
dog.333.jpg,dog
dog.3330.jpg,dog
dog.3336.jpg,dog
dog.3349.jpg,dog
dog.3350.jpg,dog
dog.3356.jpg,dog
dog.3365.jpg,dog
dog.3369.jpg,dog
dog.34.jpg,dog
dog.3422.jpg,dog
dog.345.jpg,dog
dog.3457.jpg,dog
dog.3465.jpg,dog
dog.3467.jpg,dog
dog.3470.jpg,dog
dog.3477.jpg,dog
dog.3479.jpg,dog
dog.3482.jpg,dog
dog.3490.jpg,dog
dog.3499.jpg,dog
dog.3515.jpg,dog
dog.3537.jpg,dog
dog.3548.jpg,dog
dog.3560.jpg,dog
dog.3564.jpg,dog
dog.3571.jpg,dog
dog.3574.jpg,dog
dog.3589.jpg,dog
dog.3596.jpg,dog
dog.3605.jpg,dog
dog.3621.jpg,dog
dog.3623.jpg,dog
dog.3625.jpg,dog
dog.3635.jpg,dog
dog.3650.jpg,dog
dog.3656.jpg,dog
dog.3659.jpg,dog
dog.3669.jpg,dog
dog.368.jpg,dog
dog.3684.jpg,dog
dog.3686.jpg,dog
dog.3687.jpg,dog
dog.3692.jpg,dog
dog.3699.jpg,dog
dog.3705.jpg,dog
dog.3747.jpg,dog
dog.3752.jpg,dog
dog.3763.jpg,dog
dog.3766.jpg,dog
dog.3785.jpg,dog
dog.3790.jpg,dog
dog.3801.jpg,dog
dog.3818.jpg,dog
dog.3828.jpg,dog
dog.383.jpg,dog
dog.3830.jpg,dog
dog.3831.jpg,dog
dog.3853.jpg,dog
dog.3863.jpg,dog
dog.3866.jpg,dog
dog.3889.jpg,dog
dog.3910.jpg,dog
dog.3917.jpg,dog
dog.3919.jpg,dog
dog.3923.jpg,dog
dog.3942.jpg,dog
dog.3950.jpg,dog
dog.3956.jpg,dog
dog.396.jpg,dog
dog.3960.jpg,dog
dog.3964.jpg,dog
dog.3969.jpg,dog
dog.398.jpg,dog
dog.4.jpg,dog
dog.4012.jpg,dog
dog.4028.jpg,dog
dog.4041.jpg,dog
dog.4044.jpg,dog
dog.4047.jpg,dog
dog.406.jpg,dog
dog.4077.jpg,dog
dog.4081.jpg,dog
dog.4083.jpg,dog
dog.4089.jpg,dog
dog.4095.jpg,dog
dog.41.jpg,dog
dog.4147.jpg,dog
dog.4168.jpg,dog
dog.4174.jpg,dog
dog.4190.jpg,dog
dog.4203.jpg,dog
dog.4204.jpg,dog
dog.4217.jpg,dog
dog.4218.jpg,dog
dog.4232.jpg,dog
dog.4234.jpg,dog
dog.425.jpg,dog
dog.4256.jpg,dog
dog.4271.jpg,dog
dog.4272.jpg,dog
dog.4278.jpg,dog
dog.4281.jpg,dog
dog.4283.jpg,dog
dog.4294.jpg,dog
dog.43.jpg,dog
dog.4305.jpg,dog
dog.4309.jpg,dog
dog.4355.jpg,dog
dog.4378.jpg,dog
dog.4386.jpg,dog
dog.4393.jpg,dog
dog.4399.jpg,dog
dog.4403.jpg,dog
dog.4417.jpg,dog
dog.4419.jpg,dog
dog.4433.jpg,dog
dog.4435.jpg,dog
dog.4474.jpg,dog
dog.4496.jpg,dog
dog.4520.jpg,dog
dog.453.jpg,dog
dog.4532.jpg,dog
dog.4556.jpg,dog
dog.4580.jpg,dog
dog.4581.jpg,dog
dog.4584.jpg,dog
dog.4595.jpg,dog
dog.4596.jpg,dog
dog.4607.jpg,dog
dog.4608.jpg,dog
dog.4616.jpg,dog
dog.4629.jpg,dog
dog.4638.jpg,dog
dog.4644.jpg,dog
dog.4647.jpg,dog
dog.4652.jpg,dog
dog.4654.jpg,dog
dog.4659.jpg,dog
dog.4662.jpg,dog
dog.469.jpg,dog
dog.4691.jpg,dog
dog.4695.jpg,dog
dog.4708.jpg,dog
dog.4711.jpg,dog
dog.4736.jpg,dog
dog.475.jpg,dog
dog.4788.jpg,dog
dog.479.jpg,dog
dog.4806.jpg,dog
dog.4817.jpg,dog
dog.4820.jpg,dog
dog.4837.jpg,dog
dog.4848.jpg,dog
dog.4866.jpg,dog
dog.4867.jpg,dog
dog.4869.jpg,dog
dog.4876.jpg,dog
dog.4883.jpg,dog
dog.4902.jpg,dog
dog.4934.jpg,dog
dog.4948.jpg,dog
dog.4958.jpg,dog
dog.4987.jpg,dog
dog.4990.jpg,dog
dog.5006.jpg,dog
dog.5008.jpg,dog
dog.5009.jpg,dog
dog.5016.jpg,dog
dog.5047.jpg,dog
dog.5048.jpg,dog
dog.5052.jpg,dog
dog.5053.jpg,dog
dog.5057.jpg,dog
dog.5073.jpg,dog
dog.508.jpg,dog
dog.5094.jpg,dog
dog.5104.jpg,dog
dog.5112.jpg,dog
dog.5150.jpg,dog
dog.5168.jpg,dog
dog.5175.jpg,dog
dog.5178.jpg,dog
dog.5185.jpg,dog
dog.5195.jpg,dog
dog.5214.jpg,dog
dog.5224.jpg,dog
dog.5225.jpg,dog
dog.5228.jpg,dog
dog.5241.jpg,dog
dog.5244.jpg,dog
dog.5246.jpg,dog
dog.5249.jpg,dog
dog.5284.jpg,dog
dog.5297.jpg,dog
dog.5298.jpg,dog
dog.5301.jpg,dog
dog.5343.jpg,dog
dog.5347.jpg,dog
dog.5368.jpg,dog
dog.5369.jpg,dog
dog.5394.jpg,dog
dog.5435.jpg,dog
dog.5439.jpg,dog
dog.5459.jpg,dog
dog.5489.jpg,dog
dog.5490.jpg,dog
dog.5515.jpg,dog
dog.5533.jpg,dog
dog.5549.jpg,dog
dog.555.jpg,dog
dog.5566.jpg,dog
dog.5571.jpg,dog
dog.5582.jpg,dog
dog.5586.jpg,dog
dog.5600.jpg,dog
dog.5611.jpg,dog
dog.5619.jpg,dog
dog.5624.jpg,dog
dog.5635.jpg,dog
dog.5640.jpg,dog
dog.5666.jpg,dog
dog.5679.jpg,dog
dog.5705.jpg,dog
dog.5711.jpg,dog
dog.5716.jpg,dog
dog.5732.jpg,dog
dog.5744.jpg,dog
dog.576.jpg,dog
dog.5775.jpg,dog
dog.578.jpg,dog
dog.579.jpg,dog
dog.5804.jpg,dog
dog.5805.jpg,dog
dog.5809.jpg,dog
dog.5823.jpg,dog
dog.5827.jpg,dog
dog.5848.jpg,dog
dog.5855.jpg,dog
dog.587.jpg,dog
dog.5870.jpg,dog
dog.5872.jpg,dog
dog.5876.jpg,dog
dog.5885.jpg,dog
dog.5939.jpg,dog
dog.5949.jpg,dog
dog.595.jpg,dog
dog.5954.jpg,dog
dog.5971.jpg,dog
dog.5972.jpg,dog
dog.5983.jpg,dog
dog.6012.jpg,dog
dog.6017.jpg,dog
dog.6022.jpg,dog
dog.6036.jpg,dog
dog.6048.jpg,dog
dog.6070.jpg,dog
dog.6073.jpg,dog
dog.609.jpg,dog
dog.6093.jpg,dog
dog.6095.jpg,dog
dog.6105.jpg,dog
dog.6127.jpg,dog
dog.6131.jpg,dog
dog.6184.jpg,dog
dog.6188.jpg,dog
dog.6198.jpg,dog
dog.6201.jpg,dog
dog.6205.jpg,dog
dog.6261.jpg,dog
dog.6281.jpg,dog
dog.6284.jpg,dog
dog.6292.jpg,dog
dog.6294.jpg,dog
dog.6308.jpg,dog
dog.6330.jpg,dog
dog.6333.jpg,dog
dog.6337.jpg,dog
dog.634.jpg,dog
dog.6357.jpg,dog
dog.6372.jpg,dog
dog.6374.jpg,dog
dog.6375.jpg,dog
dog.639.jpg,dog
dog.640.jpg,dog
dog.6404.jpg,dog
dog.6407.jpg,dog
dog.6422.jpg,dog
dog.6423.jpg,dog
dog.6460.jpg,dog
dog.6470.jpg,dog
dog.6471.jpg,dog
dog.6478.jpg,dog
dog.6494.jpg,dog
dog.6501.jpg,dog
dog.6505.jpg,dog
dog.6507.jpg,dog
dog.652.jpg,dog
dog.6521.jpg,dog
dog.6525.jpg,dog
dog.6579.jpg,dog
dog.6583.jpg,dog
dog.6623.jpg,dog
dog.6631.jpg,dog
dog.6638.jpg,dog
dog.6641.jpg,dog
dog.6654.jpg,dog
dog.6656.jpg,dog
dog.6658.jpg,dog
dog.6670.jpg,dog
dog.6673.jpg,dog
dog.6681.jpg,dog
dog.6734.jpg,dog
dog.674.jpg,dog
dog.6748.jpg,dog
dog.6757.jpg,dog
dog.6760.jpg,dog
dog.6787.jpg,dog
dog.6804.jpg,dog
dog.6821.jpg,dog
dog.6833.jpg,dog
dog.6852.jpg,dog
dog.6861.jpg,dog
dog.6895.jpg,dog
dog.6904.jpg,dog
dog.6920.jpg,dog
dog.6932.jpg,dog
dog.6935.jpg,dog
dog.6946.jpg,dog
dog.6960.jpg,dog
dog.6969.jpg,dog
dog.6974.jpg,dog
dog.6982.jpg,dog
dog.6983.jpg,dog
dog.6989.jpg,dog
dog.700.jpg,dog
dog.7009.jpg,dog
dog.7016.jpg,dog
dog.7018.jpg,dog
dog.7037.jpg,dog
dog.7062.jpg,dog
dog.7065.jpg,dog
dog.7086.jpg,dog
dog.7088.jpg,dog
dog.7106.jpg,dog
dog.7126.jpg,dog
dog.7137.jpg,dog
dog.7163.jpg,dog
dog.7166.jpg,dog
dog.7180.jpg,dog
dog.719.jpg,dog
dog.7195.jpg,dog
dog.7209.jpg,dog
dog.7211.jpg,dog
dog.7245.jpg,dog
dog.7247.jpg,dog
dog.7260.jpg,dog
dog.7267.jpg,dog
dog.7271.jpg,dog
dog.7274.jpg,dog
dog.7276.jpg,dog
dog.7282.jpg,dog
dog.731.jpg,dog
dog.7311.jpg,dog
dog.7328.jpg,dog
dog.7346.jpg,dog
dog.7386.jpg,dog
dog.7409.jpg,dog
dog.7419.jpg,dog
dog.7428.jpg,dog
dog.7437.jpg,dog
dog.7459.jpg,dog
dog.7461.jpg,dog
dog.7480.jpg,dog
dog.749.jpg,dog
dog.7494.jpg,dog
dog.75.jpg,dog
dog.7520.jpg,dog
dog.7523.jpg,dog
dog.7526.jpg,dog
dog.7528.jpg,dog
dog.7542.jpg,dog
dog.7548.jpg,dog
dog.7584.jpg,dog
dog.7599.jpg,dog
dog.7622.jpg,dog
dog.7624.jpg,dog
dog.7635.jpg,dog
dog.764.jpg,dog
dog.7650.jpg,dog
dog.766.jpg,dog
dog.7662.jpg,dog
dog.7664.jpg,dog
dog.7676.jpg,dog
dog.7707.jpg,dog
dog.7712.jpg,dog
dog.7715.jpg,dog
dog.7748.jpg,dog
dog.7757.jpg,dog
dog.7762.jpg,dog
dog.7765.jpg,dog
dog.7784.jpg,dog
dog.781.jpg,dog
dog.784.jpg,dog
dog.786.jpg,dog
dog.7869.jpg,dog
dog.7877.jpg,dog
dog.7896.jpg,dog
dog.7898.jpg,dog
dog.7909.jpg,dog
dog.7915.jpg,dog
dog.7927.jpg,dog
dog.7929.jpg,dog
dog.7945.jpg,dog
dog.7949.jpg,dog
dog.795.jpg,dog
dog.7956.jpg,dog
dog.7957.jpg,dog
dog.7959.jpg,dog
dog.7985.jpg,dog
dog.7987.jpg,dog
dog.7998.jpg,dog
dog.80.jpg,dog
dog.8005.jpg,dog
dog.801.jpg,dog
dog.8036.jpg,dog
dog.804.jpg,dog
dog.8041.jpg,dog
dog.8050.jpg,dog
dog.8051.jpg,dog
dog.8053.jpg,dog
dog.8061.jpg,dog
dog.8077.jpg,dog
dog.811.jpg,dog
dog.8126.jpg,dog
dog.813.jpg,dog
dog.8134.jpg,dog
dog.8167.jpg,dog
dog.8175.jpg,dog
dog.8176.jpg,dog
dog.8206.jpg,dog
dog.8208.jpg,dog
dog.8212.jpg,dog
dog.8215.jpg,dog
dog.8219.jpg,dog
dog.823.jpg,dog
dog.825.jpg,dog
dog.8279.jpg,dog
dog.8291.jpg,dog
dog.8314.jpg,dog
dog.8315.jpg,dog
dog.8345.jpg,dog
dog.8348.jpg,dog
dog.8372.jpg,dog
dog.8374.jpg,dog
dog.8381.jpg,dog
dog.8398.jpg,dog
dog.8399.jpg,dog
dog.8432.jpg,dog
dog.8434.jpg,dog
dog.8436.jpg,dog
dog.8444.jpg,dog
dog.8451.jpg,dog
dog.8459.jpg,dog
dog.8476.jpg,dog
dog.8482.jpg,dog
dog.8513.jpg,dog
dog.8532.jpg,dog
dog.8557.jpg,dog
dog.8563.jpg,dog
dog.8575.jpg,dog
dog.8584.jpg,dog
dog.8586.jpg,dog
dog.8604.jpg,dog
dog.8611.jpg,dog
dog.8612.jpg,dog
dog.8625.jpg,dog
dog.8639.jpg,dog
dog.8649.jpg,dog
dog.8674.jpg,dog
dog.868.jpg,dog
dog.8685.jpg,dog
dog.87.jpg,dog
dog.8702.jpg,dog
dog.8703.jpg,dog
dog.8719.jpg,dog
dog.8747.jpg,dog
dog.8760.jpg,dog
dog.8762.jpg,dog
dog.8778.jpg,dog
dog.8785.jpg,dog
dog.8814.jpg,dog
dog.8847.jpg,dog
dog.8856.jpg,dog
dog.8861.jpg,dog
dog.8865.jpg,dog
dog.8871.jpg,dog
dog.8873.jpg,dog
dog.8885.jpg,dog
dog.8906.jpg,dog
dog.8907.jpg,dog
dog.8913.jpg,dog
dog.8915.jpg,dog
dog.893.jpg,dog
dog.8930.jpg,dog
dog.8932.jpg,dog
dog.8934.jpg,dog
dog.8937.jpg,dog
dog.8969.jpg,dog
dog.8987.jpg,dog
dog.8988.jpg,dog
dog.9004.jpg,dog
dog.9014.jpg,dog
dog.9029.jpg,dog
dog.9049.jpg,dog
dog.9055.jpg,dog
dog.9073.jpg,dog
dog.9077.jpg,dog
dog.9082.jpg,dog
dog.9090.jpg,dog
dog.9092.jpg,dog
dog.9118.jpg,dog
dog.912.jpg,dog
dog.9125.jpg,dog
dog.9143.jpg,dog
dog.9148.jpg,dog
dog.9197.jpg,dog
dog.9220.jpg,dog
dog.9229.jpg,dog
dog.9230.jpg,dog
dog.9243.jpg,dog
dog.9244.jpg,dog
dog.9245.jpg,dog
dog.9265.jpg,dog
dog.9269.jpg,dog
dog.9270.jpg,dog
dog.9272.jpg,dog
dog.9276.jpg,dog
dog.9279.jpg,dog
dog.9293.jpg,dog
dog.9312.jpg,dog
dog.9319.jpg,dog
dog.9324.jpg,dog
dog.933.jpg,dog
dog.9373.jpg,dog
dog.9383.jpg,dog
dog.9392.jpg,dog
dog.9393.jpg,dog
dog.940.jpg,dog
dog.9406.jpg,dog
dog.9421.jpg,dog
dog.9426.jpg,dog
dog.9427.jpg,dog
dog.9448.jpg,dog
dog.9450.jpg,dog
dog.9455.jpg,dog
dog.9474.jpg,dog
dog.9499.jpg,dog
dog.9503.jpg,dog
dog.9543.jpg,dog
dog.9544.jpg,dog
dog.9552.jpg,dog
dog.9571.jpg,dog
dog.9574.jpg,dog
dog.9581.jpg,dog
dog.9603.jpg,dog
dog.9621.jpg,dog
dog.9635.jpg,dog
dog.9678.jpg,dog
dog.9709.jpg,dog
dog.9748.jpg,dog
dog.977.jpg,dog
dog.9774.jpg,dog
dog.9777.jpg,dog
dog.978.jpg,dog
dog.9801.jpg,dog
dog.9816.jpg,dog
dog.9830.jpg,dog
dog.9836.jpg,dog
dog.9837.jpg,dog
dog.9842.jpg,dog
dog.9851.jpg,dog
dog.9854.jpg,dog
dog.9856.jpg,dog
dog.9857.jpg,dog
dog.9869.jpg,dog
dog.9882.jpg,dog
dog.989.jpg,dog
dog.9892.jpg,dog
dog.9894.jpg,dog
dog.9897.jpg,dog
dog.9904.jpg,dog
dog.9909.jpg,dog
dog.9934.jpg,dog
dog.9938.jpg,dog
dog.994.jpg,dog
dog.9950.jpg,dog
dog.9983.jpg,dog
dog.999.jpg,dog
dog.9994.jpg,dog
